{
    "data/train/Malignant/63.jpg": {
        "tumor": 1,
        "mean_red": 4728.1047675103,
        "vari_red": 616255090.5181127,
        "skew_red": -0.18401580179465873,
        "kurt_red": 0.033862153081103644,
        "mean_green": 4428.305180979419,
        "vari_green": 659673061.0493675,
        "skew_green": -0.1675793319895488,
        "kurt_green": 0.028083396888638024,
        "mean_blue": 5621.217837411206,
        "vari_blue": 1188977582.6045468,
        "skew_blue": -0.1589103601442137,
        "kurt_blue": 0.02525296808122638
    },
    "data/train/Malignant/823.jpg": {
        "tumor": 1,
        "mean_red": 5403.33552631579,
        "vari_red": 906279858.2142307,
        "skew_red": -0.17405308129954086,
        "kurt_red": 0.030294847112159528,
        "mean_green": 4124.077188146106,
        "vari_green": 554629408.5934741,
        "skew_green": -0.17005889570594354,
        "kurt_green": 0.028920639359958297,
        "mean_blue": 4034.786594761171,
        "vari_blue": 597186977.1820357,
        "skew_blue": -0.16084552586958525,
        "kurt_blue": 0.02587206865929207
    },
    "data/train/Malignant/4217.jpg": {
        "tumor": 1,
        "mean_red": 7339.233333333333,
        "vari_red": 2038729925.1527548,
        "skew_red": -0.158479157432846,
        "kurt_red": 0.02511701809804931,
        "mean_green": 7978.571573604061,
        "vari_green": 3116771563.7178164,
        "skew_green": -0.14011793719453622,
        "kurt_green": 0.019633758950306123,
        "mean_blue": 9188.851453175459,
        "vari_blue": 4393231217.282302,
        "skew_blue": -0.13607572584565206,
        "kurt_blue": 0.01851720268295042
    },
    "data/train/Malignant/3578.jpg": {
        "tumor": 1,
        "mean_red": 2465.81017412086,
        "vari_red": 92355612.89321114,
        "skew_red": -0.24161738835787522,
        "kurt_red": 0.05838046024514688,
        "mean_green": 1722.9468438538206,
        "vari_green": 43731832.54478053,
        "skew_green": -0.24497624202207408,
        "kurt_green": 0.060021758767445955,
        "mean_blue": 2468.8869764773376,
        "vari_blue": 163499384.30826175,
        "skew_blue": -0.18639637269266313,
        "kurt_blue": 0.03474559106299308
    },
    "data/train/Malignant/2666.jpg": {
        "tumor": 1,
        "mean_red": 12383.774559193953,
        "vari_red": 9387097571.47841,
        "skew_red": -0.1257966056059482,
        "kurt_red": 0.015824949479136593,
        "mean_green": 8113.087443946188,
        "vari_green": 3572159415.107502,
        "skew_green": -0.13333547584181926,
        "kurt_green": 0.01777865982817496,
        "mean_blue": 5710.882978723404,
        "vari_blue": 1518128876.485619,
        "skew_blue": -0.14355948738559687,
        "kurt_blue": 0.020609953715900166
    },
    "data/train/Malignant/5109.jpg": {
        "tumor": 1,
        "mean_red": 3024.587887740029,
        "vari_red": 151793803.98674548,
        "skew_red": -0.23253163766727777,
        "kurt_red": 0.054106158346854796,
        "mean_green": 3579.5349977708424,
        "vari_green": 261690470.09592843,
        "skew_green": -0.21157172183377085,
        "kurt_green": 0.04478325864383325,
        "mean_blue": 2931.4058304564637,
        "vari_blue": 148753552.4822052,
        "skew_blue": -0.22818499629039168,
        "kurt_blue": 0.052106780399017394
    },
    "data/train/Malignant/2100.jpg": {
        "tumor": 1,
        "mean_red": 2628.7195882719902,
        "vari_red": 94782611.12715077,
        "skew_red": -0.25282698864543607,
        "kurt_red": 0.06393065263051324,
        "mean_green": 3059.924528301886,
        "vari_green": 203301980.43205282,
        "skew_green": -0.2055921642602092,
        "kurt_green": 0.04227394297967883,
        "mean_blue": 4539.746506986028,
        "vari_blue": 647473882.0729369,
        "skew_blue": -0.17309673277991958,
        "kurt_blue": 0.029965178932411712
    },
    "data/train/Malignant/4571.jpg": {
        "tumor": 1,
        "mean_red": 3338.113035551505,
        "vari_red": 233100611.42305717,
        "skew_red": -0.2091932307385612,
        "kurt_red": 0.043773903895338376,
        "mean_green": 4369.354454203262,
        "vari_green": 563487442.4345917,
        "skew_green": -0.17828781573033572,
        "kurt_green": 0.031792730589271505,
        "mean_blue": 6088.648964896489,
        "vari_blue": 1601109209.2225637,
        "skew_blue": -0.14882557681731243,
        "kurt_blue": 0.022151397094389604
    },
    "data/train/Malignant/1409.jpg": {
        "tumor": 1,
        "mean_red": 6544.71543624161,
        "vari_red": 1358059866.9198208,
        "skew_red": -0.17233063376508018,
        "kurt_red": 0.029698650912623845,
        "mean_green": 9719.776315789473,
        "vari_green": 6742773961.985896,
        "skew_green": -0.11675953062325001,
        "kurt_green": 0.013633046522340136,
        "mean_blue": 10386.314569536426,
        "vari_blue": 8747243817.417336,
        "skew_blue": -0.10971930427612037,
        "kurt_blue": 0.012038559272653012
    },
    "data/train/Malignant/189.jpg": {
        "tumor": 1,
        "mean_red": 6547.422121896164,
        "vari_red": 1533905174.2460394,
        "skew_red": -0.16274927427224825,
        "kurt_red": 0.026487513343811626,
        "mean_green": 5327.742084942085,
        "vari_green": 1043778347.726818,
        "skew_green": -0.16065646470374448,
        "kurt_green": 0.025810951422985316,
        "mean_blue": 7379.226291079813,
        "vari_blue": 2457761563.9928427,
        "skew_blue": -0.1456921244337787,
        "kurt_blue": 0.021226499115052436
    },
    "data/train/Benign/63.jpg": {
        "tumor": 0,
        "mean_red": 3779.566355810617,
        "vari_red": 229315905.23985273,
        "skew_red": -0.2357229026634234,
        "kurt_red": 0.05556557804378067,
        "mean_green": 4996.634715025907,
        "vari_green": 1032456125.2398454,
        "skew_green": -0.1519221090845858,
        "kurt_green": 0.02308084754111919,
        "mean_blue": 6431.974780701755,
        "vari_blue": 2194158204.5756755,
        "skew_blue": -0.1348234932943822,
        "kurt_blue": 0.018177823907764176
    },
    "data/train/Benign/823.jpg": {
        "tumor": 0,
        "mean_red": 4621.910565338276,
        "vari_red": 454914859.1566166,
        "skew_red": -0.20740412872900404,
        "kurt_red": 0.0430191083105993,
        "mean_green": 3912.893041978148,
        "vari_green": 411747505.9596682,
        "skew_green": -0.1862157034630718,
        "kurt_green": 0.03468241279109496,
        "mean_blue": 5301.882876204596,
        "vari_blue": 990166211.628148,
        "skew_blue": -0.16398783242747744,
        "kurt_blue": 0.026894228479042867
    },
    "data/train/Benign/4217.jpg": {
        "tumor": 0,
        "mean_red": 4452.8494996150885,
        "vari_red": 344320889.25622827,
        "skew_red": -0.2275552944282006,
        "kurt_red": 0.05178266019930735,
        "mean_green": 4893.697916666667,
        "vari_green": 578880092.7810907,
        "skew_green": -0.19562127624954675,
        "kurt_green": 0.038268488538527136,
        "mean_blue": 3162.4143209876547,
        "vari_blue": 228216723.2526298,
        "skew_blue": -0.2009071316623104,
        "kurt_blue": 0.04036562539802217
    },
    "data/train/Benign/3578.jpg": {
        "tumor": 0,
        "mean_red": 3983.5998007306544,
        "vari_red": 233664371.13886562,
        "skew_red": -0.24497385876679206,
        "kurt_red": 0.060013345808105134,
        "mean_green": 4062.7610218376594,
        "vari_green": 309040445.5884522,
        "skew_green": -0.2199388690301251,
        "kurt_green": 0.048374242128063974,
        "mean_blue": 5756.494019138756,
        "vari_blue": 929277512.1255699,
        "skew_blue": -0.1825491999228009,
        "kurt_blue": 0.03332471751336155
    },
    "data/train/Benign/2666.jpg": {
        "tumor": 0,
        "mean_red": 3333.2170887837456,
        "vari_red": 133732547.614993,